verbatimScientificName,species,FinalNameInDatabase,FinalSubspeciesInDatabase,ReasonOfUnmatch
Abisara,,NA,,No species name
Abisara magdala,Abisara fylla,Abisara fylloides,,WRONG synonym
Abisara neopharon gratius Fruhstorfer,Abisara neophron,Archigenes neophron,,Spelling mistake
Acraea,,NA,,No species name
Acrophtalmia chione,Acrophtalmia artemis,Acrophtalmia artemis,,Synonym
Acytolepis,,NA,,No species name
Acytolepis cossaea cossaea (de Nic.),,Plautella cossaea,,Synonym
Acytolepis najara,,,,
Acytolepis ripte,,,,
Acytolepis samanga,,,,
"Acytolepsis puspa myla (Fruhstorfer, 1909)",Acytolepis puspa,Acytolepis puspa,,Spelling mistake
Adoliadini,,NA,,No species name
"Aemona gialaica Monastyrskii, Saito & Vu, 2021",Aemona gialaica,Stichophthalma uemurai,gialaii,Typo
Aeromachus,,NA,,No species name
Aeromachus nana,,,,
"Afarsia iris (Lang, 1884)",,,,
Agehana maraho (Shiraki et Sonan),Chilasa maraho,Papilio maraho,,Synonym
Aglais cashmiriensis,Aglais caschmirensis,Aglais caschmirensis,,Spelling mistake
"Aglais kaschmirensis Kollar, 1848",,Aglais caschmirensis,,Spelling mistake
Agriades leela,,,,
Agriades lehanus,Agriades lehana,,,
"Agriades lehanus (Moore, 1878)",Agriades lehana,,,
Agriades luana,,,,
Agriades younghusbandi,,,,
Ahlbergia dongyui,,,,
Ahlbergia liyufeii,,,,
Ahlbergia nicevillei,,Callophrys nicevillei,,Synonym
Algia satyrina,,,,
Allotinus sp. 'transects',,NA,,No species name
Allotinus sp. 4MKC,,NA,,No species name
Allotinus substringosa substrigosa (Moore),Allotinus substrigosa,Allotinus substrigosa,,Spelling mistake
Amathusia,,NA,,No species name
Amathusia peraka,Amathusia perakana,Amathusia perakana,,Spelling mistake
Amblypodia spec.,,NA,,No species name
Ancema sudica,,Ancema blanka,,Synonym
Ancistoroides nigrita diocles (Moore),Ancistroides nigrita,Ancistroides nigrita,,Spelling mistake
Annulata sp.,,NA,,No species name
Anosia chriysippus chrysippus (Linnaeus),,Danaus chrysippus,,Synonym; Spelling mistake
"Anosia Hübner, 1816",,NA,,No species name
Anthene,,NA,,No species name
Anthocharis  scolymus,Anthocharis scolymus,Anthocharis scolymus,,Typo
"Anthocharis mandschurica (Bollow, 1930)",,Anthocharis scolymus,,Synonym
antoporia hordonia hordonia (Stoll),,Pantoporia hordonia,,Spelling mistake
Apatura  metis,Apatura ilia,Apatura metis,,WRONG synonym; Typo
Apaturina,,NA,,No species name
Apias paulina minato (Fruhstorfer),,Appias paulina,,Spelling mistake
Aporia soracta,Aporia leucodice,,,Synonym?
Aporia tsillingica,Aporia tsinglingica,Aporia tsinglingica,,Spelling mistake
Appias,,NA,,No species name
"Appias ? paulina (Cramer, 1777)",Appias paulina,Appias paulina,,Typo
Appias cordena hagar vollenhoven,Appias cardena,Appias cardena,,Spelling mistake
"Appias Hubner, 1819",,NA,,No species name
Appias indet.,Appias indra,NA,,No species name
Appias spp.,,NA,,No species name
Appias(Catophaga) paulina Cramer,Appias paulina,Appias paulina,,Synonym
Araschnia  burejana,Araschnia burejana,Araschnia burejana,,Typo
"Archigenes miyazakii (Saito & Saito, 2005)",,,,
Argynnis,,NA,,No species name
Argynnis  paphia,Argynnis paphia,Argynnis paphia,,Typo
Argynnis castetsi,Argyreus hyperbius,Argynnis hyperbius,,Synonym
Argynnis jainadeva,Fabriciana niobe,,,Synonym?
Argynnis tsushimana paphia,Argynnis paphia,Argynnis paphia,,Synonym
Argynnis vorax,Fabriciana adippe,,,Synonym?
"Argynnis vorax Butler, 1871",Fabriciana adippe,,,Synonym?
Argynnis westphali,,,,
Argynnis xipe,Fabriciana adippe,,,Synonym?
"Argynnis xipe Grum-Grshimailo, 1891",Fabriciana adippe,,,Synonym?
Argyreus  hyperbius,Argyreus hyperbius,Argynnis hyperbius,,Typo
Argyreus hyperbius(Linnaeus),Argyreus hyperbius,Argynnis hyperbius,,Synonym
"Argyreus hyperius hyperius (Linnaeus,1763)",Argyreus hyperbius,Argynnis hyperbius,,Spelling mistake
Argyreus paphia tsushimana,,Argynnis paphia,,Synonym
Argyronome  ruslana,Argyronome ruslana,Argynnis ruslana,,Typo
Argyronome japonica laodice,,,,
Argyronympha danker,,,,
Arhopala,,NA,,No species name
Arhopala acron azenia Hewitson 1863,,,,
Arhopala arianaga,Arhopala ariana,,,Synonym?
Arhopala avrelia (Evans),,,,
Arhopala azenia,Arhopala azinis,,,
"Arhopala Boisduval, 1832",,NA,,No species name
Arhopala dodonaea,,,,
Arhopala eucolpis,,,,
Arhopala helianthus,Arhopala helianthes,Arhopala helianthes,,Spelling mistake
Arhopala herculina,Arhopala hercules,Arhopala hercules,,Synonym
Arhopala kiriwini,Arhopala kiriwinii,,,
Arhopala lax (Evans),,,,
Arhopala pseudocentouros pirithous (Moore),,Arhopala centaurus,,Spelling mistake
Arhopala pseudocentourus nakula (Felder),Arhopala pseudocentaurus,Arhopala centaurus,centaurus,Spelling mistake
Arhopala quercoides,,,,
Arhopala sp. BOLD:AAN2746,,NA,,No species name
Arhopala sp. UMKL JJW0499,,NA,,No species name
Arhopala sp. UMKL JJW0500,,NA,,No species name
Arhopala spec.,,NA,,No species name
Arhopala spp.,,NA,,No species name
"Ariadne Horsfield, 1829",,NA,,No species name
"Ariadne subsp. ariadne Horsfield, 1829",,Ariadne ariadne,,Synonym
Aricia astrarche,Aricia agestis,Aricia agestis,,Synonym
Arrhenes,,NA,,No species name
Arthopala aedias agnis (Felder),,Arhopala aedias,,Spelling mistake
Arthopala catori B.-Baker,,Arhopala major,major,Spelling mistake
"Artogeia dulcinea (Linnaeus, 1882)",,Pieris dulcinea,,Synonym
"Artogeia melete (Menetries, 1857)",,Pieris melete,,Synonym
"Artogeia melete (Menetries,1857)",,Pieris melete,,Synonym
Artogeia melete melete,,Pieris melete,,Synonym
"Artogeia melete melete (Menetries, 1857)",,Pieris melete,,Synonym
"Artogeia melete melete (Ménétriès,1857)",,Pieris melete,,Synonym
"Artogeia nesis (Fruhstorfer, 1909)",,,,
"Artogeia nesis (Fruhstorfer,1909)",,,,
"Artogeia rapae crucivora (Boisduval, 1836)",Pieris rapae,Pieris rapae,,Synonym
"Artogeia rapae crucivora (Boisduval, 1837)",Pieris rapae,Pieris rapae,,Synonym
"Artogeia rapae crucivora Boisduval, 1836",Pieris rapae,Pieris rapae,,Synonym
"Artogeia rapae cruvicora (Boisduval,1836)",Pieris rapae,Pieris rapae,,Synonym
Athyma,,NA,,No species name
Athyma apalina hirayamai (Matsumura),,Athyma opalina,,Spelling mistake
Athyma cosmia,Pantoporia bruijni,Tarattia cosmia,,WONG synonym
Athyma daraxa theoda,,Parasarpa daraxa,,Synonym
Athyma epimethis,Pantoporia epimethis,Athyma kasa,epimethis,Synonym
Athyma indet.,,NA,,No species name
"Athyma lyncides (Hewitson, 1859)",,Lamasia lyncides,,Synonym
Athyma prabara helma (Fruhstorfer),Parathyma pravara,Athyma pravara,,Spelling mistake
Athyma selenoophora laela (Fruhstorfer),Parathyma selenophora,Athyma selenophora,,Spelling mistake
Atrophaneura atropos,Pachliopta atropos,Pachliopta atropos,,Synonym
Atrophaneura horishana,Atrophaneura horishanus,Atrophaneura horishanus,,Synonym
Atrophaneura horishana (Matsumura),Atrophaneura horishanus,Atrophaneura horishanus,,Synonym
"Atrophaneura horishana (Matsumura, 1910)",Atrophaneura horishanus,Atrophaneura horishanus,,Synonym
Atrophaneura jophon,Pachliopta jophon,Pachliopta jophon,,Synonym
"Atrophaneura kotzebuea (Eschscholtz, 1821)",Pachliopta kotzebuea,Pachliopta kotzebuea,,Synonym
Atrophaneura leytensis,Pachliopta leytensis,Pachliopta phegeus,,Synonym
Atrophaneura liris,,Pachliopta liris,,Synonym
Atrophaneura mariae,Pachliopta mariae,Pachliopta mariae,,Synonym
"Atrophaneura mariae (Semper, 1878)",Pachliopta mariae,Pachliopta mariae,,Synonym
"Atrophaneura pandiyana (Moore, 1881)",Pachliopta pandiyana,Pachliopta pandiyana,,Synonym
Atrophaneura polyphontes,Pachliopta polyphontes,Pachliopta polyphontes,,Synonym
Atrophaneura schadenbergi,Pachliopta schadenbergi,Pachliopta schadenbergi,,Synonym
"Atrophaneura strandi (Bryk, 1930)",,,,
Aulocera,,NA,,No species name
Aulocera iole,,,,
Aulocera saraswati,,,,
"Aulocera saraswati Kollar, 1844",,,,
Aurivittia aurivittata,,Celaenorrhinus aurivittata,,Synonym
Aurivittia cameroni,,Celaenorrhinus cameroni,,Synonym
Aurivittia vietnamicus,,Celaenorrhinus vietnamicus,,Synonym
"Autopoetes pryeri (Murray, 1873)",Artopoetes pryeri,Artopoetes pryeri,,Spelling mistake
Azanus sp. BIOUG05251-G12,,NA,,No species name
Azanus sp. BIOUG16241-G03,,NA,,No species name
Azanus sp. BIOUG21682-D01,,NA,,No species name
Badmia exclamationis (Fabricius),Badamia exclamationis,Badamia exclamationis,,Spelling mistake
Baorini,,NA,,No species name
Baoris,,NA,,No species name
Baracus hampsoni,Baracus vittatus,Baracus vittatus,,Synonym
Baracus subditus,Baracus vittatus,Baracus vittatus,,Synonym
Basarona teuta tiomanica,Bassarona teuta,Euthalia teuta,,Spelling mistake
Bassarona spp.,,NA,,No species name
Belenois,,NA,,No species name
Bibasis aphrodite,,,,
"Bibasis mahinta Moore, 1874",,Bibasis mahintha,,Spelling mistake
Bindahara moorei,Bindahara phocides,Bindahara phocides,,Synonym
"Bindahara moorei Fruhstorfer, 1904",Bindahara phocides,Bindahara phocides,,Synonym
Bletogona inexspectata,,,,
Bletogona spp.,,NA,,No species name
Boloria sp.,,NA,,No species name
Borbo,,NA,,No species name
Borbo cinnara(Wallace),Borbo cinnara,Borbo cinnara,,Synonym
"Borbo cinnarra (Wallace, 1866)",Borbo cinnara,Borbo cinnara,,Spelling mistake
Burara owstoni,,,,
Byasa  alcinous,Byasa alcinous,Atrophaneura alcinous,,Typo
Byasa confusa,Byasa confusus,Atrophaneura confusus,,Synonym
Byasa philoxenus Gray,,Atrophaneura polyeuctes,,Synonym
"Byasa sp. Moore, 1882",,NA,,No species name
C. lavendalaris limbata,,Celastrina lavendularis,,Genus name not stated
C. n. andersone (Distant),,NA,,No species name
Caleta,,NA,,No species name
Caleta angola,,NA,,No species name
Calinaga,,NA,,No species name
Calinaga brahma,Calinaga buddha,Calinaga buddha,,Synonym
Calinaga gautama,Calinaga buddha,,,Synonym?
"Calinaga gautama Moore, 1901",Calinaga buddha,,,Synonym?
"Callenya Eliot & Kawazoe, 1983",,NA,,No species name
Callerebia ananda,Callerebia annada,Callerebia annada,,Spelling mistake
Callinaga buddha,Calinaga buddha,Calinaga buddha,,Spelling mistake
"Callltoris bromus yanuca (Fruhstorfer, 1911)",Caltoris bromus,Caltoris bromus,,Spelling mistake
"Callltoris cahira austeni (Moore, 1883)",Caltoris cahira,Caltoris cahira,,Spelling mistake
"Callltoris ranrunna (Sonan, 1936)",Caltoris bromus,Caltoris cahira,,WRONG synonym; Spelling mistake
Callophrys ferrea,,Callophrys coerulescens,,Synonym
"Callophrys ferrea  (Butler), 1866",,Callophrys coerulescens,,Synonym
"Callophrys ferrea  (Butler),1866",,Callophrys coerulescens,,Synonym
Callophrys ferrea (Butler),,Callophrys coerulescens,,Synonym
"Callophrys ferrea (Butler), 1866",,Callophrys coerulescens,,Synonym
"Callophrys ferrea (Butler, 1866)",,Callophrys coerulescens,,Synonym
"Callophrys ferrea ferrea (Butler, 1866)",,Callophrys coerulescens,,Synonym
Caltoris,,NA,,No species name
Caltoris ranrunna,Caltoris bromus,Caltoris cahira,,WRONG synonym
Caltoris septentrionalis,,,,
Caltoris spec.,,NA,,No species name
Candalides,,NA,,No species name
Caprona ransonnetti,Caprona ransonnettii,Caprona ransonnetii,,Spelling mistake
Castaliina,,NA,,No species name
"Castopsilia pomona (Fabricius, 1775)",,Catopsilia pomona,,Spelling mistake
"Catapoecilma major Druce, 1895",Catapaecilma major,Catapaecilma major,,Spelling mistake
Catapsilia pomona Fabricius,Catopsilia pomona,Catopsilia pomona,,Spelling mistake
Catapsilla pomona,Catopsilia pomona,Catopsilia pomona,,Spelling mistake
Catochrysops,,NA,,No species name
Catopsilia,,NA,,No species name
Catopsilia spec.,,NA,,No species name
"Catopyrops Toxopeus, 1929",,NA,,No species name
CChitoria chrysolona (Fruhstorfer),,Chitoria chrysolora,,Spelling mistake
Celaenorrhinus,,NA,,No species name
Celaenorrhinus fusca,,Celaenorrhinus ruficornis,,Synonym
Celaenorrhinus maculosus taiwanus,Celaenorrhinus maculosa,Celaenorrhinus maculosa,,Synonym
"Celaenorrhinus maculosus taiwanus Matsumura, 1919",Celaenorrhinus maculosa,Celaenorrhinus maculosa,,Synonym
Celaenorrhinus spec.,,NA,,No species name
Celastrina,,NA,,No species name
Celastrina acesina,,,,
Celastrina albocaerulea,Celastrina albocoeruleus,Epimastidia arienis,bornemanni,WRONG synonym
Celastrina albocaerulea albocaerulea,Celastrina albocoeruleus,Epimastidia arienis,bornemanni,WRONG synonym
Celastrina albocaerulea albocaerulea (Moore),Celastrina albocoeruleus,Epimastidia arienis,bornemanni,WRONG synonym
"Celastrina albocaerulea albocaerulea (Moore, 1879)",Celastrina albocoeruleus,Epimastidia arienis,bornemanni,WRONG synonym
Celastrina algemoni kadazanensis Barloet al.,,Celastrina algernoni,,Spelling mistake
Celastrina argidus caphis (Fruhs.),Celastrina argiolus,Celastrina argiolus,,Spelling mistake
Celastrina labendularis himilcon Fruhs.,Celastrina lavendularis,Celastrina lavendularis,,Spelling mistake
Celastrina ladonides argiolus,,Celastrina argiolus,,Synonym
Celastrina lavenduraris isabella Corbet,Celastrina lavendularis,Celastrina lavendularis,,Spelling mistake
Celastrina puspa ishigakiana,,Acytolepis puspa,,Synonym
"Celastrina puspa ishigakiana (Matsumura), 1929",,Acytolepis puspa,,Synonym
"Celastrina sp. Tutt, 1907",,NA,,No species name
Celasutrina argidus iynteana (de Nic.),,Celastrina argiolus,,Spelling mistake
Celatoxia carna,,,,
Celestrina lavendularis,Celastrina lavendularis,Celastrina lavendularis,,Spelling mistake
celtis,,NA,,No species name
Cephrenes,,NA,,No species name
Cepora,,NA,,No species name
Cepora indet.,,NA,,No species name
Cepora judith,Cepora julia,Cepora iudith,,WRONG synonym; Spelling mistake
"Cepora judith jael (Wallace, 1867)",Cepora julia,Cepora iudith,,WRONG synonym; Spelling mistake
Cepora judith judith Fabricius,Cepora julia,Cepora iudith,,WRONG synonym; Spelling mistake
Cepora judith malaya,Cepora julia,Cepora iudith,,WRONG synonym; Spelling mistake
Cepora ludith lea,,Cepora iudith,,Spelling mistake
Cepora spp.,,NA,,No species name
Cethosia,,NA,,No species name
Cethosia chrysippe,Cethosia cydippe,Cethosia cydippe,,Synonym
Cethosia chrysippe chrysippe Fabricius 1775,Cethosia cydippe,Cethosia cydippe,,Synonym
"Cethosia Fabricius, 1807",,NA,,No species name
Cethosia mahratta,,Cethosia nietneri,,Synonym
"Cethosia moesta C. & R. Felder, [1867]",Cethosia biblis,Cethosia biblis,,Synonym
"Cethosia moesta C. & R. Felder, 1867",Cethosia biblis,Cethosia biblis,,Synonym
Cethosia tambora,,,,
Chaetocneme  triton,Chaetocneme triton,Chaetocneme triton,,Typo
Chaetocneme caristus,Chaetocneme critomedia,,,Synonym?
Charaxes,,NA,,No species name
"Charaxes alphius Staudinger, 1886",Polyura athamas,Polyura alphius,,WRONG synonym
Charaxes andrewsi,Polyura pyrrhus,,,Synonym?
Charaxes berdardus ajax Fawcett,Charaxes bernardus,Charaxes bernardus,,Spelling mistake
Charaxes bharata,,Polyura athamas,,Synonym
"Charaxes bharata C. & R. Felder, [1867]",,Polyura athamas,,Synonym
Charaxes bornensis praestantius Furhstorfer,Charaxes borneensis,Charaxes borneensis,,Spelling mistake
Charaxes eudamippus formosanus,Polyura eudamippus,Polyura eudamippus,,Typo
Charaxes euryalis,Charaxes eurialus,Charaxes eurialus,,Spelling mistake
Charaxes hannibal,Charaxes solon,Charaxes solon,,Synonym
Charaxes narcaeus meghaduta,Charaxes narcaea,Polyura narcaeus,,Synonym
Charaxes polyxena,,Charaxes bernardus,,Synonym
"Charaxes schreiber (Godart, 1824)",,Polyura schreiber,,Synonym
Charaxes setan,,,,
Charaxes spp.,,NA,,No species name
Chersonsesia intermedia intermedia,Chersonesia intermedia,Chersonesia intermedia,,Spelling mistake
Chersonsesia peraka peraka,Chersonesia peraka,Chersonesia peraka,,Spelling mistake
Chilades,,NA,,No species name
"Chilades cleotas GuÇrin-MÇneville, 1831",Luthrodes cleotas,Luthrodes cleotas,,Synonym
"Chilades mindorus (C. Felder et R. Felder, [1865])",,Luthrodes mindora,,Synonym
Chitoria modesta,,,,
Choaspes,,NA,,No species name
Choaspes  benjaminii,Choaspes benjaminii,Choaspes benjaminii,,Typo
Choaspes japonica benjaminii,,Choaspes benjaminii,,Synonym
Chonala masoni,,,,
Chonala masoni Elwes,,,,
Chrysozephyrus,,NA,,No species name
"Chrysozephyrus brillantius (Staudinger, 1887)",,Chrysozephyrus brillantina,,Synonym
Chrysozephyrus gaoi,,,,
Chrysozephyrus tiemushanus,Chrysozephyrus tienmushanus,,,
Cigaritis,,NA,,No species name
Cigaritis abnormis,,,,
"Cigaritis conjuncta Kunte, Sengupta, Pawar, and Nawge 2024",,,,
Cigaritis kuyaniana,,,,
Cigaritis negrita,,Cigaritis syama,,Synonym
Cigaritis nubilus,,,,
Cigaritis rukmini,,,,
Cigaritis schistacea,,,,
Cigaritis zhengweilie,,,,
Cirrochroa,,NA,,No species name
Cirrochroa eremita,,,,
"Clossiana perryi (Butler), 1882",,,,
Coelites spp.,,NA,,No species name
"Coenonympha forsteri Forster, 1961",Coenonympha amaryllis,Coenonympha amaryllis,,Synonym
Coladenia,,NA,,No species name
Coladenia ochracea,,,,
Coliadinae,,NA,,No species name
Colias  erate,Colias erate,Colias erate,,Typo
Colias indet.,,NA,,No species name
Collophrys ferrea,,Callophrys coerulescens,,Spelling mistake; Synonym
Colotis,,NA,,No species name
"Colotis Hubner, 1819",,NA,,No species name
Cotopsilia pomona pomona f. ctocale (Fabricius),Catopsilia pomona,Catopsilia pomona,,Spelling mistake
Cotopsilia pomona pomona f. pomona (Fabricius),Catopsilia pomona,Catopsilia pomona,,Spelling mistake
Cotopsilia pyranthe (Linnaeus),Catopsilia pyranthe,Catopsilia pyranthe,,Spelling mistake
Cotopsilia scylla cornelia (Fabricius),Catopsilia scylla,Catopsilia scylla,,Spelling mistake
Ctenoptilum vasaba basaba Moore,Ctenoptilum vasava,Ctenoptilum vasava,,Spelling mistake
Ctenoptilum vasaba vasava Moore,Ctenoptilum vasava,Ctenoptilum vasava,,Spelling mistake
Cupha,,NA,,No species name
Cupha spp.,,NA,,No species name
Curetis,,NA,,No species name
Curetis acutae paracuta de Nicevill,Curetis acuta,Curetis acuta,,Spelling mistake
"Curetis Hubner, 1819",,NA,,No species name
Curetis paracuta acuta,Curetis acuta,Curetis acuta,,Synonym
"Cyllogenes milleri Monastyrskii, 2005",,Cyllogenes milleri,,Typo
Cynitia sp. UMKL JJW0199,,NA,,No species name
Cynitia sp. UMKL JJW0398,,NA,,No species name
Cyrestis,,NA,,No species name
Cyrestis biaka,Cyrestis acilia,,,Synonym?
Cyrestis irmae,Cyrestis maenalis,,,
"Cyrestis irmae Forbes, 1885",Cyrestis maenalis,,,
Cyrestis nicea nicalis C. &R. Felder,Cyrestis nivea,Cyrestis nivea,,Spelling mistake
Cyrestis spec.,,NA,,No species name
Cyrestis thodamas formosana Fruhs.,,Cyrestis thyodamas,,Spelling mistake
Daimio  tethys,Daimio tethys,Daimio tethys,,Typo
Damora ilone sagana,,Argynnis sagana,,Synonym
Danainae,,NA,,No species name
Danaini,,NA,,No species name
Danaus,,NA,,No species name
Danaus genutis,Danaus genutia,Danaus genutia,,Spelling mistake
Danaus indet.,,NA,,No species name
Danaus juventa sobrinoides,,Ideopsis juventa,,Synonym
Danaus melusine rotnndata,,Parantica melusine,,Synonym
"Danaus philene Stoll, 1782",,Danaus affinis,,Synonym
Danaus plexippus ,Danaus plexippus,Danaus plexippus,,Typo
Danaus spec.,,NA,,No species name
Danis perpheres,,Perpheres perpheres,,Synonym
Delias,,NA,,No species name
Delias antara,,,,
Delias antara Roepke,,,,
Delias belladona,Delias belladonna,Delias belladonna,,Spelling mistake
Delias dortheysi van Mastrigt,,,,
Delias eichorni Rothschild,Delias eichhorni,Delias eichhorni,,Spelling mistake
Delias fioretti van Mastrigt,Delias fioretto,,,
Delias Flavissima,,,,
Delias frater,,,,
Delias frater frater Jordan,,,,
Delias frater soror Toxopeus,,,,
"Delias hennigia Eschscholtz, 1821",Delias henningia,Delias henningia,,Spelling mistake
"Delias hennigia subsp. pandemia Eschscholtz, 1821",Delias henningia,Delias henningia,,Spelling mistake
"Delias Hubner, 1819",,NA,,No species name
Delias inopinata orri van Mastrigt,,,,
Delias lara,Delias ladas,,,
Delias lara (Boisduval),Delias ladas,,,
"Delias mandaya Yamamoto & Takei, 1982",,,,
Delias Rothschild & Jordan,,NA,,No species name
Delias sinak Delias sinak van Mastrigt,,,,
"Delias stressmanni Rothschild, 1915",Delias stresemanni,Delias stresemanni,,Spelling mistake
demolion delotenus Rothschild,,Papilio demolion,,Genus name not stated
Dercas indet.,,NA,,No species name
Dercas verhuelii herodorus,Dercas verhuelli,Dercas verhuelli,,Spelling mistake
Deudorix,,NA,,No species name
Deudorix chandrana kuyaniana,,Sinthusa chandrana,,Synonym
Deudorix eryx horiella,,Artipe eryx,,Synonym
"Devyatkin singularis Monastyrskii & Uémura, 2016",,Devyatkinia singularis,,Spelling mistake; Typo
"Diagora persimilis persimilis (Westwood, 1850)",,Hestina persimilis,,Synonym
Dicallaneura fulvofasciata,,,,
Dicallaneura kirschi,,,,
Dicallaneura pulchra,,,,
Dichorragia  nesimachus,Dichorragia nesimachus,Dichorragia nesimachus,,Typo
Dichorragia nesseus,Dichorragia nesimachus,Dichorragia nesimachus,,Synonym
Discolampa ilissus,,,,
Discolampa ulysses,,Discolampa ethion,,Synonym
Discophora,,NA,,No species name
Discphora sondaica,Discophora sondaica,Discophora sondaica,,Spelling mistake
Doleschalia bisaltidae,Doleschalia bisaltide,NA,,No species name
Doleschallia,,NA,,No species name
Domora  sagana,Damora sagana,Argynnis sagana,,Typo; Synonym
Dravira ulupi,,Chitoria ulupi,,Synonym
Drupadia ravindrina,Drupadia ravindra,Drupadia ravindra,,Synonym
Elodina,,NA,,No species name
Elodina primulari primularis,Elodina primularis,Elodina primularis,,Spelling mistake
Elymias patna hanitschi,Elymnias patna,Elymnias patna,,Spelling mistake
Elymnias,,NA,,No species name
"Elymnias ? kamara Moore, 1858",Elymnias kamara,Elymnias kamara,,Typo
Elymnias ceryxoides,,,,
Elymnias holofernes,Elymnias cybele,,,Synonym?
Elymnias hypermnestria,Elymnias hypermnestra,Elymnias hypermnestra,,Spelling mistake
Elymnias phrikonis,Elymnias cumaea,,,Synonym?
Elymnias resplendens,Elymnias cumaea,,,Synonym?
Enispe,,NA,,No species name
Enispe spec.,,NA,,No species name
Enispe spp.,,NA,,No species name
Eooxilides tharis distanti Riley,Eooxylides tharis,Eooxylides tharis,,Spelling mistake
Epimastidia yiwikana,,,,
Erionota,,NA,,No species name
Erionota apex,Erionota acroleucus,Erionota acroleucus,,Synonym
"Erionota Mabille, 1878",,NA,,No species name
Erionota tarus Evans,Erionota torus,Erionota torus,,Spelling mistake
Erites spp.,,NA,,No species name
Erynnis  montanus,Erynnis montanus,Erynnis montanus,,Typo
Erysichton lineatus,Erysichton lineata,Erysichton lineata,,Synonym
"Erysichton lineatus (Murray, 1874)",Erysichton lineata,Erysichton lineata,,Synonym
Esakiozephyrus neis,,,,
Euchrysops,,NA,,No species name
Euchrysops sp.,,NA,,No species name
Euerma sp.,,NA,,No species name
Eugrumia herse,,,,
Euploea,,NA,,No species name
Euploea abjecta,Euploea algea,Euploea algea,,Synonym
Euploea andamanensis,Euploea core,Euploea core,,Synonym
"Euploea battesii resarta Butler, 1876",Euploea batesii,Euploea batesii,,Spelling mistake
Euploea camaralzema malayica,Euploea camaralzeman,Euploea camaralzeman,,Spelling mistake
Euploea clugii,,Euploea klugii,,Spelling mistake
"Euploea Fabricius, 1807",,NA,,No species name
Euploea leucone princesa,,,,
Euploea phaenarete,Euploea phaenareta,Euploea phaenareta,,Synonym
Euploea phaenerata,Euploea phaenareta,Euploea phaenareta,,Synonym
Euploea sp. UMKL JJW0185,,NA,,No species name
Euploea sp. UMKL JJW0186,,NA,,No species name
Euploea spec.,,NA,,No species name
Euploea spp.,,NA,,No species name
"Euploea swaison emigrantus Monastyrskii, 2012",Euploea swainson,Euploea swainson,,Spelling mistake
Euploea sylcester mithrenes Fruhstorfer,Euploea sylvester,Euploea sylvester,,Spelling mistake
Euploea tullious Euploea tulliolus Fabricius,Euploea tulliolus,Euploea tulliolus,,Spelling mistake
Euploea tullliolus koxinga,Euploea tulliolus,Euploea tulliolus,,Spelling mistake
Eupolea tulliolus,Euploea tulliolus,Euploea tulliolus,,Spelling mistake
Eupsychellus dionicius,,Pithecops dionisius,,Synonym; Spelling mistake
Eurema,,NA,,No species name
Eurema  mandarina,Eurema mandarina,Eurema mandarina,,Typo
"Eurema (Terias) hecabe (Linnaeus, 1758)",Eurema hecabe,Eurema hecabe,,Synonym
"Eurema (Terias) hecabe contubernalis (Moore, 1886)",Eurema hecabe,Eurema hecabe,,Synonym
Eurema alithe esaki shirozu,Eurema alitha,Eurema alitha,,Spelling mistake
Eurema altha jalendra (Fruhstorfer),,,,
Eurema becabe borneensis (Fruhstorfer),,Eurema hecabe,,Spelling mistake
Eurema becabe simulata (Moore),,Eurema hecabe,,Spelling mistake
Eurema indet.,,NA,,No species name
"Eurema indet. Cramer, 1780",,NA,,No species name
Eurema lacteala lacteala (Distant),Eurema lacteola,Eurema lacteola,,Spelling mistake
Eurema noyae pallida shirozu & Yata,,,,
Eurema sana,,Eurema laeta,,Synonym
Eurema spp,,NA,,No species name
Euripus nycterius haterius Fruhstorfer,Euripus nyctelius,Euripus nyctelius,,Spelling mistake
Eurytides agamemnon,,Graphium agamemnon,,Synonym
Eurytides sarpedon luctatius,,Graphium sarpedon,,Synonym
Euthalia acontius,Euthalia aconthea,Euthalia aconthea,,Synonym
Euthalia chayuensis,,,,
Euthalia cosytus cosytus (Fabricius),Tanaecia cocytus,Tanaecia cocytus,,Synonym; Spelling mistake
Euthalia dubernardi,Euthalia khama,Euthalia khama,,Synonym
Euthalia duna manaya Fruhstorfer,Euthalia dunnya,,,
Euthalia japis cocytina (Horsfield),Tanaecia japis,Tanaecia iapis,,Synonym
Euthalia japis puseda (Moore),Tanaecia japis,Tanaecia iapis,,Synonym
Euthalia Mahadeva sakii (de Niceville),Tanaecia sakii,Euthalia mahadeva,sakii,Synonym
"Euthalia malaccama malaccama Fruhstorfer, 1899",Euthalia malaccana,Euthalia malaccana,,Spelling mistake
Euthalia pacifica,Euthalia nara,Euthalia nara,,Synonym
Euthalia rickettsi,Euthalia undosa,Euthalia thibetana,,Synonym
Euthalia yao,,Euthalia anosia,,Synonym
Euthalia yasuyukii,,,,
Everes,,NA,,No species name
"Everes agriades (Pallas, 2002)",Elkalyce argiades,Cupido argiades,,Synonym
"Everes diporides Chapman, 1908",Elkalyce argiades,Cupido argiades,,Synonym
Everes hellotia argiades,,Cupido argiades,,Synonym
Everes hugelii dipora,,,,
Everes hugelii hugelii,,,,
Everest lacturnus,Everes lacturnus,Cupido lacturnus,,Spelling mistake
Fabriciana  adippe,Fabriciana adippe,Argynnis adippe,,Typo
Fabriciana addipe pallescens,Fabriciana adippe,Argynnis adippe,,Spelling mistake
"Fabriciana vorax (Butler, 1871)",,,,
Famegana,,NA,,No species name
"Famegana putil (Kollar, [1844])",,Freyeria putli,,Synonym; Spelling mistake
"Faunis caelestis Monastyrskii & Lang, 2016",,,,
Faunis spp.,,NA,,No species name
Favonius aurorinus (Oberthur),,Neozephyrus taxila,,Synonym
"Favonius aurorinus (Oberthur, 1880)",,Neozephyrus taxila,,Synonym
Favonius latifasciatus Shirozu et Hayashi,,Neozephyrus cognata,,Synonym
Favonius leechi,Favonius orientalis,Neozephyrus orientalis,,Synonym
Favonius saphirinus (Staudinger),Favonius saphirina,,,
"Favonius saphirinus (Staudinger, 1887)",Favonius saphirina,,,
"Favonius saphirinus (Staudinger, 1892)",Favonius saphirina,,,
Favonius ultramarinus,Favonius ultramarina,Neozephyrus ultramarina,,Synonym
Favonius ultramarinus (Fixsen),Favonius ultramarina,Neozephyrus ultramarina,,Synonym
"Favonius ultramarinus (Fixsen, 1887)",Favonius ultramarina,Neozephyrus ultramarina,,Synonym
Favonius ultramarinus ultramarinus,Favonius ultramarina,Neozephyrus ultramarina,,Synonym
Fixenia mera,,,,
Fixsenia mera,,,,
Flas asoka de Niceville,,Flos asoka,,Spelling mistake
Flos kuehni,,,,
Gerosis celebica,,,,
Gondaca harina distanti Fruhstorfer,Gandaca harina,Gandaca harina,,Spelling mistake
Gonepteryx  aspasia,Gonepteryx aspasia,Gonepteryx aspasia,,Typo
Gonepteryx nepalensis,,,,
"Gonepteryx nepalensis Doubleday, 1847",,,,
Graphium,,NA,,No species name
Graphium  doson,Graphium doson,Graphium doson,,Typo
Graphium  sarpedon,Graphium sarpedon,Graphium sarpedon,,Typo
"Graphium (Pazala) alebion Gray, 1852",Graphium alebion,Graphium alebion,,Synonym
"Graphium (Pazala) mandarinus paphus de Nicéville, 1886",Graphium mandarinus,Graphium mandarinus,,Synonym
Graphium batjanensis (Okano 1984),,,,
"Graphium batjanensis Okano, 1984",,,,
Graphium codros,Graphium codrus,Graphium codrus,,Spelling mistake
Graphium evernon eventus,Graphium evemon,Graphium evemon,,Spelling mistake
Graphium felixi,,Graphium thule,,Synonym
"Graphium glycerion phangana (Okano, 1986)",,Graphium mandarinus,paphus,Synonym
Graphium indet.,,NA,,No species name
Graphium isander,,Graphium sarpedon,,Synonym
Graphium jugans,,Graphium sarpedon,,Synonym
Graphium jugans kawaimitsuoi,,Graphium sarpedon,,Synonym
Graphium macfarlaneii seminigra,Graphium macfarlanei,Graphium macfarlanei,,Spelling mistake
"Graphium macleayanum subsp. macleayanum (Leach, 1814)",Graphium macleayanus,Graphium macleayanus,,Spelling mistake
Graphium mandarina,Graphium mandarinus,Graphium mandarinus,,Synonym
Graphium monticolum,Graphium monticolus,Graphium anthedon,monticolus,Spelling mistake; Synonym
Graphium nipponum sarpedon,,Graphium sarpedon,,Synonym
Graphium sallastius,,Graphium eurypylus,,Synonym
"Graphium Scopoli, 1777",,NA,,No species name
"Graphium sumatranum (Hagen, 1894)",,Graphium cloanthus,,Synonym
"Graphium sumatranum Hagen, 1894",,Graphium cloanthus,,Synonym
Halpe,,NA,,No species name
"Halpe ? Moore, 1878",,NA,,No species name
Halpe ceylonica,Halpe homolea,Halpe homolea,,Synonym
Halpe hindu,Halpe homolea,Halpe homolea,,Synonym
"Halpe hindu Evans, 1937",Halpe homolea,Halpe homolea,,Synonym
Halpe zinda zodia,Halpe zema,Halpe zema,,Synonym
Halpemorpha albipectus,,Sovia albipectus,,Synonym
Halpemorpha hyrtacus,,Sovia hyrtacus,,Synonym
Hasora,,NA,,No species name
Hasora discolora,Hasora discolor,Hasora discolor,,Spelling mistake
Hasora humara,Hasora hurama,Hasora hurama,,Spelling mistake
"Hasora sp. Moore, [1881]",,NA,,No species name
Hbomoia glucippe formosana Fruhstorfer,,Hebomoia glaucippe,,Spelling mistake
"Hebomoia glaucipe liukiuensis Fruhstorer,1898",Hebomoia glaucippe,Hebomoia glaucippe,,Spelling mistake
Helcyra spp.,,NA,,No species name
Heliophorus,,NA,,No species name
Heliophorus indet.,,NA,,No species name
Heliophorus saphiroides,,,,
Heliophorus spec.,,NA,,No species name
Hemadara ruricola,,,,
Hemadara rurigena,,,,
Hemadara seitzi,Erebia seitzi,,,
Hesperiidae,,NA,,No species name
HESPERIIDAE,,NA,,No species name
Hesperiidae gen. sp. ACU7025,,NA,,No species name
Hesperiidae indet.,,NA,,No species name
"Hesperiidae Latreille, 1809",,NA,,No species name
Hesperiidae sp. BOLD:AAL8337,,NA,,No species name
Hesperiidae sp. BOLD:AAN3358,,NA,,No species name
Hesperiidae sp. BOLD:ACN0474,,NA,,No species name
Hesperiinae,,NA,,No species name
"Hesperiinae Latreille, 1809",,NA,,No species name
Hestina  japonica,Hestina japonica,Apatura metis,substituta,Typo; CHECK validity of synonym
Hestina minetica carolinae Shellen,Hestinalis mimetica,Hestinalis mimetica,,Spelling mistake
Hestina minetica ravanella Fr.,Hestinalis mimetica,Hestinalis mimetica,,Spelling mistake
Horaga viola,Horaga albimacula,Horaga albimacula,,Synonym
Horsfieldia anita,,Amblypodia anita,,Synonym
Howarthia sugiyamai,,,,
Hyarotis sp. 1MKC,,NA,,No species name
Hypochrisops hypocletus,Hypochrysops rex,Hypochrysops polycletus,rex,Synonym
Hypochrysops hypocletus,Hypochrysops rex,Hypochrysops polycletus,rex,Synonym
Hypochrysops sp. ACN1400,,NA,,No species name
Hypochrysops sp. BOLD:AAL8356,,NA,,No species name
Hypochrysops sp. BOLD:ACN1400,,NA,,No species name
Hypolimnas,,NA,,No species name
"Hypolimnas missipus (Linnaeus, 1764)",Hypolimnas misippus,Hypolimnas misippus,,Spelling mistake
Hypolimnas pandorus pandora,Hypolimnas pandarus,Hypolimnas pandarus,,Spelling mistake
Hypolimnas saundersii,Hypolimnas saundersi,Hypolimnas saundersi,,Spelling mistake
Hypolimnas spec.,,NA,,No species name
Hypolycaena,,NA,,No species name
"Hypolycaena C & R Felder, 1862",,NA,,No species name
Hypolycaena erlus teatus Fruhstorfer,Hypolycaena erylus,Hypolycaena erylus,,Spelling mistake
Hypolycaena pahanga,,,,
Hypolycaena shirozui,,,,
Hypolycaena xenia,,,,
Hypolymnas misippus,Hypolimnas misippus,Hypolimnas misippus,,Spelling mistake
Hyponephele brevistigma,Hyponephele davendra,Hyponephele davendra,,Synonym
Hyponephele pulchella,Hyponephele hilaris,,,Synonym?
"Hyponephele pulchella (C. Felder & R. Felder, 1867)",Hyponephele hilaris,,,Synonym?
Hyponephele pulchra,Hyponephele hilaris,,,
Iambrix,,NA,,No species name
Iambrix salsara salsara (Moore),Iambrix salsala,Iambrix salsala,,Spelling mistake
"Idaeopsis gaura (Horsfiels, 1829)",,Ideopsis gaura,,Spelling mistake
Idea blanchardi,Idea blanchardii,Idea blanchardii,,Spelling mistake
"Idea blanchardi Marchal, 1845",Idea blanchardii,Idea blanchardii,,Spelling mistake
"Idea blanchardi subsp. marosiana Marchal, 1845",Idea blanchardii,Idea blanchardii,,Spelling mistake
"Idea Fabricius, 1807",,NA,,No species name
"Ideopsis ? similis (Linnaeus, 1758)",Ideopsis similis,Ideopsis similis,,Typo
Ideopsis citrea arachaosia (Fruhstorfer),,Ideopsis vitrea,,Spelling mistake
Igeopsis gaura Horsfield,Ideopsis gaura,Ideopsis gaura,,Spelling mistake
Inachis  io,Aglais io,Aglais io,,Typo
indet.,,NA,,No species name
Isoteinon  lamprospilus,Isoteinon lamprospilus,Isoteinon lamprospilus,,Typo
"Isoteinon lamprospillus formosanus Fruhstorfer, 1911",Isoteinon lamprospilus,Isoteinon lamprospilus,,Spelling mistake
Issoria isaea,,Issoria lathonia,,Synonym; Spelling mistake
Issoria issaea,,Issoria lathonia,,Synonym
Issoria mackinnonii,,,,
Ixias reinwardti,Ixias reinwardtii,Ixias reinwardtii,,Spelling mistake
Ixias spp.,,NA,,No species name
Jalmenus evagoras,Jalmenus evagoras,,,
Jameela palmyra,,,,
Jamides,,NA,,No species name
Jamides aeleno aelianus (F.),,Jamides celeno,,Spelling mistake
Jamides aritai,Jamides espada,,,Synonym?
"Jamides butleri (Rothschild, 1915)",,,,
Jamides Caeruleus caeruleus (Druce),Jamides caerulea,Jamides caerulea,,Synonym
Jamides coruscans,,,,
Jamides festivus,,,,
Jamides kankena,,,,
Jamides minor,Jamides cyta,Jamides aruensis,,Synonym
Jamides nemophilus,Jamides nemophila,Jamides nemophila,,Synonym
"Jamides nr. soemias (Druce, 1891)",Jamides soemias,Jamides soemias,,Synonym
Jamides snelleni,,,,
japonica,,NA,,No species name
Japonica,,NA,,No species name
Japonica sp.,,NA,,No species name
Junonia,,NA,,No species name
"Junonia Hubner, 1819",,NA,,No species name
Junonia indet.,,NA,,No species name
Junonia intermedia,,,,
"Junonia intermedia (C & R Felder, 1867)",,,,
"Junonia intermedia (Felder & Felder, 1867)",,,,
Junonia iphitaadelaida Staudinger,Junonia iphita,Junonia iphita,,Typo
Junonia orithya(Linnaeus),Junonia orithya,Junonia orithya,,Synonym
Junonia orithyas orithya  Linnaeus,Junonia orithya,Junonia orithya,,Spelling mistake
Junonia orythya metion,Junonia orithya,Junonia orithya,,Spelling mistake
Junonia sp. 1MKC,,NA,,No species name
Jurionia iphita tosca (Fruhstorfer),,Junonia iphita,,Spelling mistake
Kallima,,NA,,No species name
Kallima buxtoni,,,,
Kallima inachis formosana,Kallima inachus,Kallima inachus,,Spelling mistake
Kallima limborgi,Kallima paralekta,,,
Kallima philarchus,Kallima horsfieldii,Kallima horsfieldii,,Synonym
Kallima spp.,,NA,,No species name
Kaniska  canace,Kaniska canace,Kaniska canace,,Typo
"kaniska canace ishima (Fruhstorfer), 1899",Kaniska canace,Kaniska canace,,Typo
Kaniska nojaponicum canace,,Kaniska canace,,Synonym
Koruthaialos rubecvla hector Watson,Koruthaialos rubecula,Koruthaialos rubecula,,Spelling mistake
"Kuekenthaliella altissima (Elwes, 1882)",,,,
"Kuekenthaliella mackinnonii (de Nicéville, 1891)",,,,
Labythea celtoides celtis,,Libythea lepita,,Synonym; Spelling mistake
Ladoga  camilla,Ladoga camilla,Limenitis camilla,,Typo
Ladoga  glorifica,,,,
Ladoga glorifica,,,,
Ladoga glorifica (Fruhstorfer),,,,
"Ladoga glorifica (Fruhstorfer, 1909)",,,,
Ladoga japonica camilla,,Limenitis camilla,,Synonym
Ladoga sulpitia tricula (Fruhstorfer),,Limenitis sulpitia,,Synonym
Lampides,,NA,,No species name
Lampides  boeticus,Lampides boeticus,Lampides boeticus,,Typo
Lamproptera,,NA,,No species name
Landoga camilla japonica,,Limenitis camilla,,Synonym; Spelling mistake
Laringa castelnavi castelnaci (C. & R. Felder),Laringa castelnaui,Laringa castelnaui,,Spelling mistake
Lasiommata  deidamia,Lasiommata deidamia,Lopinga deidamia,,Typo
Lasiommata menava,Pararge maera,,,Synonym?
Lasiommata minuscula,,,,
ldea leucone clara,,Idea leuconoe,,Spelling mistake
Lebdea martha parkeri Eliot,Lebadea martha,Lebadea martha,,Spelling mistake
Lebomoia glaucippe aturia Fruhstorfer,,Hebomoia glaucippe,,Spelling mistake
Leptosia,,NA,,No species name
"Leptotes Scudder, 1876",,NA,,No species name
Lethe,,NA,,No species name
Lethe  diana,Lethe diana,Lethe diana,,Typo
Lethe  sicelis,Lethe sicelis,Lethe sicelis,,Typo
"Lethe Hubner, 1819",,NA,,No species name
Lethe isana,,Lethe hyrania,,Spelling mistake
"Lethe isana (Kollar, [1844])",,Lethe hyrania,,Spelling mistake
Lethe isana isana,,Lethe hyrania,,Spelling mistake
"Lethe scelis (Hewitson,[1862])",,,,
"Lethe sicelides Grose-Smith, 1893",Lethe hecate,,,Synonym?
"Lethe sielis (Hewiton, [1862])",,,,
Lethe uemurai,,,,
Lethe yunnana,,,,
"Leucantigus atayalicus (Shirôzu & Murayama, 1943)",Leucantigius atayalica,Leucantigius atayalica,,Spelling mistake; Synonym
Lexias,,NA,,No species name
Lexias perdalis,Lexias pardalis,Lexias pardalis,,Spelling mistake
Lexias perdix,,,,
Lexias spp.,,NA,,No species name
Libythea,,NA,,No species name
Libythea  celtis,Libythea celtis,Libythea celtis,,Typo
Libythea celtoides celtis,,Libythea lepita,,Synonym
Libythea indet.,,NA,,No species name
Limenitidinae,,NA,,No species name
Limenitis asura baelia,Limenitis asura,Athyma asura,,Typo
"Limenitis cottoni Oberthur, 1884",Limenitis cottini,Limenitis cottini,,Spelling mistake
Limenitis glorifica,Ladoga camilla,,,Synonym?
Liphyra,,NA,,No species name
Lohora erna,,,,
Lohora haasei,,,,
Lohora ophthalmica,Lohora ophthalmicus,Lohora ophthalmicus,,Synonym
Lonolyce helicon mergiana Moore,,Ionolyce helicon,,Spelling mistake
Lopinga catena,,,,
Lopinga nemorum,,,,
Losaria (Atrophaneura) neptunus,Losaria neptunus,Atrophaneura neptunus,,Synonym
Loxerebia albipuncta,Loxerebia saxicola,,,Synonym?
Loxerebia ypthimoides,,,,
Loxura,,NA,,No species name
Loxura atymus,Loxura atymnus,Loxura atymnus,,Spelling mistake
Lrptosia nina niobe (Wallace),Leptosia nina,Leptosia nina,,Spelling mistake
Luthrodes buruana,,,,
Lycaena  phlaeas,Lycaena phlaeas,Lycaena phlaeas,,Typo
"Lycaena phaeas daimio (Matsumura,1919)",Albulina pharis,Lycaena phlaeas,,WRONG synonym; Spelling mistake
"Lycaena sichuanica Bozano & Weidenhoffer, 2001",,,,
Lycaenidae,,NA,,No species name
Lycaenidae indet.,,NA,,No species name
"Lycaenidae Leach, 1815",,NA,,No species name
Lycaenidae sp. TNAULY201400175,,NA,,No species name
Lycaenopsina,,NA,,No species name
Matapa deprivata,,,,
Mechanitis,,NA,,No species name
Megisba,,NA,,No species name
Megisha malaya sikkima,Megisba malaya,Megisba malaya,,Spelling mistake
Melanitis,,NA,,No species name
Melanitis  phedima,Melanitis phedima,Melanitis phedima,,Typo
Melantis amabilis amabilis,Melanitis amabilis,Melanitis amabilis,,Spelling mistake
Melantis phedima polishana Fruhstorfer,Melanitis phedima,Melanitis phedima,,Spelling mistake
Melitaea amoenula,Melitaea arcesia,,,Synonym?
Melitaea sindura,Melitaea arcesia,,,Synonym?
"Melitaea sindura Moore, 1865",Melitaea arcesia,,,Synonym?
Meope niphonica niphonica Butler,,Neope niphonica,,Spelling mistake
Metapa aria (Moore),Matapa aria,Matapa aria,,Spelling mistake
Metapa druna (Moore),Matapa druna,Matapa druna,,Spelling mistake
Miletus,,NA,,No species name
Miletus nr. mallus DL-2008,Miletus mallus,Miletus mallus,,Synonym
Miletus sympthus petronius (Distant & Pryer),Miletus symethus,Miletus symethus,,Spelling mistake
Mimene toxopei,,,,
Minois  dryas,Minois dryas,Minois dryas,,Typo
Minois bipunctata dryas,,Minois dryas,,Synonym
Minois nagasawa e (Matsumura),Minois nagasawae,Minois nagasawae,,Synonym
Moduza,,NA,,No species name
Moduza procis procis,Moduza procris,Moduza procris,,Spelling mistake
Monodontides cara,,,,
Monodontides hondai,,,,
Monodontides kolari,,,,
Mooreana trihonevra pralaya (Moore),Mooreana trichoneura,Mooreana trichoneura,,Spelling mistake
Mycalesis,,NA,,No species name
Mycalesis  francisca,Mycalesis francisca,Mycalesis francisca,,Typo
Mycalesis  gotama,Mycalesis gotama,Mycalesis gotama,,Typo
Mycalesis franscisca formosana Fruhstorfer,Mycalesis francisca,Mycalesis francisca,,Spelling mistake
Mycalesis fulginia gotama,Mycalesis gotama,Mycalesis gotama,,Synonym
Mycalesis giamana,,,,
"Mycalesis Hubner, 1818",,NA,,No species name
"Mycalesis Hübner, 1818",,NA,,No species name
Mycalesis indet.,,NA,,No species name
mycalesis janardana sagittigera Fruhstorfer,Mycalesis janardana,Mycalesis janardana,,Typo
Mycalesis junonia,Mycalesis patnia,Mycalesis patnia,,Synonym
"Mycalesis junonia Butler, 1868",Mycalesis patnia,Mycalesis patnia,,Synonym
Mycalesis perdiccas francisca,,Mycalesis francisca,,Synonym
Mycalesis persius blasius (Fabricius),Mycalesis perseus,Mycalesis perseus,,Spelling mistake
Mycalesis pitana,Mycalesis marginata,,,Synonym?
"Mycalesis pitana Staudinger, 1897",Mycalesis marginata,,,Synonym?
Mycalesis sp. UMKL JJW0252,,NA,,No species name
Mycalesis sp. UMKL JJW0466,,NA,,No species name
Mycalesis spec.,,NA,,No species name
"Mycalesis suavolens kagina Fruhstorfer, 1908",Mycalesis suaveolens,Mycalesis suaveolens,,Spelling mistake
Mycalsis frederici,,,,
Mydosama anapita,,Mycalesis anapita,,Synonym
Mydosama fuscum,,Mycalesis fuscum,,Synonym
Mydosama marginata,Mycalesis marginata,Mycalesis marginata,,Synonym
Mydosama spp.,,NA,,No species name
Mynes aroensis,,,,
Mynes doubledayi,Mynes doubledaii,,,
Nacaduba,,NA,,No species name
Nacaduba aluta nanda,Prosotas aluta,Prosotas aluta,,Synonym
Nacaduba calavria malayica Corbet,Nacaduba calauria,Nacaduba calauria,,Spelling mistake
Nacaduba schneideri,,,,
Nacaduba urava nemana Fruhstorfer,,Nacaduba kurava,,Spelling mistake
Napeogenes,,NA,,No species name
Narathura  japonica,,Arhopala japonica,,Synonym; Typo
Narathura bazalus,,Arhopala bazalus,,Synonym
Narathura bazalus (Hewitson),,Arhopala bazalus,,Synonym
Narathura bazalus turbata,,Arhopala bazalus,turbata,Synonym
Narathura bazalus turbata (Butler),,Arhopala bazalus,turbata,Synonym
"Narathura bazalus turbata (Butler), 1882",,Arhopala bazalus,turbata,Synonym
"Narathura bazalus turbata (Butler, [1882])",,Arhopala bazalus,turbata,Synonym
"Narathura bazalus turbata (Butler, 1881)",,Arhopala bazalus,turbata,Synonym
"Narathura bazalus turbata (Butler, 1882)",,Arhopala bazalus,turbata,Synonym
"Narathura bazalus turbata (Butler,1882)",,Arhopala bazalus,turbata,Synonym
Narathura japonica,,Arhopala japonica,,Synonym
Narathura japonica (Murray),,Arhopala japonica,,Synonym
"Narathura japonica (Murray, 1875)",,Arhopala japonica,,Synonym
"Narathura Japonica (Murray, 1875)",,Arhopala japonica,,Synonym
"Narathura Japonica (Murray, 1876)",,Arhopala japonica,,Synonym
Narathura japonica japonica,,Arhopala japonica,,Synonym
"Narathura japonica japonica (Murray, 1875)",,Arhopala japonica,,Synonym
"Narathura japonica japonica (Murray,1875)",,Arhopala japonica,,Synonym
"Narathura japonica japonica(Murray, 1875)",,Arhopala japonica,,Synonym
Narathura japonica kotoshona,,Arhopala japonica,,Synonym
Narathura paramuta horishana,,Arhopala paramuta,,Synonym
Narathura turbata bazalus (Butler),,Arhopala bazalus,turbata,Synonym
Neohesperilla,,NA,,No species name
Neolycaena (Rhymnaria) tangutica (Grum-Grshimailo 1891),Neolycaena tengstraemi,,,Synonym?
Neope  goschkevitschii,Neope goschkevitschii,Neope goschkevitschii,,Typo
Neope  niphonica,Neope goschkevitschii,Neope niphonica,,Typo
Neope agrestoides,,,,
Neope bremeri  taiwana,Neope bremeri,Neope bremeri,,Typo
Neope contrasta,Neope muirheadii,Neope muirheadii,,Synonym
Neope muirheadi nagasawae,Neope muirheadii,Neope muirheadii,,Synonym
Neope muirheadi nagasawae Matsumura,Neope muirheadii,Neope muirheadii,,Synonym
"Neope muirheadi nagasawae Matsumura, 1919",Neope muirheadii,Neope muirheadii,,Synonym
Neope ramosa,Neope pulaha,,,Synonym?
Neope serica,Neope yama,,,Synonym?
Neope shirozui,,,,
Neopithecops,,NA,,No species name
Nephargynnis  anadyomene,,Argynnis anadyomene,,Synonym; Typo
Nephargynnis midas anadyomene,,Argynnis anadyomene,,Synonym
Neptini,,NA,,No species name
Neptis,,NA,,No species name
Neptis  alwina,Neptis alwina,Neptis alwina,,Typo
Neptis  pryeri,Neptis pryeri,Neptis pryeri,,Typo
Neptis  sappho,Neptis sappho,Neptis sappho,,Typo
"Neptis aspasia (Leech, 1890)",Phaedyma aspasia,Phaedyma aspasia,,Synonym
"Neptis clinoides De Niceville, 1894",Neptis clinioides,,,
Neptis heliodore,Phaedyma amphion,Phaedyma amphion,,Synonym
Neptis intermedia sappho,,Neptis sappho,,Synonym
Neptis melba melba,Neptis armandia,Neptis armandia,,Synonym
Neptis palnica,Neptis soma,Neptis soma,,Synonym
Neptis sappha,Neptis sappho,Neptis sappho,,Spelling mistake
Neptis sp. UMKL JJW0276,,NA,,No species name
Neptis spec.,,NA,,No species name
"Neptis venilia (Linnaeus, 1758)",,Pantoporia venilia,,Synonym
Neptis yerburyi Butler,Neptis yerburii,Neptis nata,yerburii,Synonym
Notocrypta,,NA,,No species name
Notocrypta cruvifascia corinda Evans,Notocrypta curvifascia,Notocrypta curvifascia,,Spelling mistake
"Notocrypta de Nicéville, 1889",,NA,,No species name
"Notocrypta sp. de Nicéville, 1889",,NA,,No species name
Notoctypta curvifascia curvifascia,Notocrypta curvifascia,Notocrypta curvifascia,,Spelling mistake
Notoctypta curvifascia curvifascia ( C. & R. Felder),Notocrypta curvifascia,Notocrypta curvifascia,,Spelling mistake
Nymphalidae,,NA,,No species name
NYMPHALIDAE,,NA,,No species name
Nymphalidae  Apatura,,NA,,No species name
Nymphalidae gen. sp. ACT0778,,NA,,No species name
Nymphalidae indet.,,NA,,No species name
"Nymphalidae Rafinesque, 1815",,NA,,No species name
Nymphalidae sp.,,NA,,No species name
"Nymphalidae Swainson, 1827",,NA,,No species name
Nymphalis  antiopa,Nymphalis antiopa,Nymphalis antiopa,,Typo
Nymphalis  xanthomelas,Nymphalis xanthomelas,Nymphalis xanthomelas,,Typo
"Nymphalis c-album (Linnaeus, 1758)",Polygonia c-album,Polygonia c-album,,Synonym
"Nymphalis c-aureum (Linnaeus, 1758)",,Polygonia c-aureum,,Synonym
Nymphalis canace,,Kaniska canace,,Synonym
"Nymphalis canace (Linnaeus), 1763",,Kaniska canace,,Synonym
"Nymphalis canace (Linnaeus, 1763)",,Kaniska canace,,Synonym
"Nymphalis canace battakana (de Nicéville, 1896)",,Kaniska canace,,Synonym
Nymphalis canace perakana,,Kaniska canace,,Synonym
Nymphalis caschmirensis,,Aglais caschmirensis,,Synonym
"Nymphalis caschmirensis (Kollar, [1844])",,Aglais caschmirensis,,Synonym
"Nymphalis gracilis zephyrus (Edwards, 1870)",,,,
Nymphalis japonica xanthomelas,,Nymphalis xanthomelas,,Synonym
Ochlodes  ochraceus,Ochlodes ochracea,Ochlodes ochracea,,Synonym; Typo
Ochlodes  venatus,Ochlodes venata,Ochlodes venata,,Synonym
Ochlodes flavomaculata,Ochlodes flavomaculatus,,,
Ochlodes ochraceus,Ochlodes ochracea,Ochlodes ochracea,,Synonym
"Ochlodes ochraceus  (Bremer), 1861",Ochlodes ochracea,Ochlodes ochracea,,Synonym
"Ochlodes ochraceus  (Bremer),1861",Ochlodes ochracea,Ochlodes ochracea,,Synonym
Ochlodes ochraceus (Bremer),Ochlodes ochracea,Ochlodes ochracea,,Synonym
"Ochlodes ochraceus (Bremer, 1861)",Ochlodes ochracea,Ochlodes ochracea,,Synonym
"Ochlodes ochraceus (Bremer,1861)",Ochlodes ochracea,Ochlodes ochracea,,Synonym
Ochlodes ochraceus Bremer,Ochlodes ochracea,Ochlodes ochracea,,Synonym
Ochlodes sagitta,Ochlodes venata,Ochlodes venata,,Synonym
Ochlodes venatus,Ochlodes venata,Ochlodes venata,,Synonym
"Ochlodes venatus venatus (Bremer et Grey, 1852)",Ochlodes venata,Ochlodes venata,,Synonym
Ochlodes venatus venatus Bremer et Grey,Ochlodes venata,Ochlodes venata,,Synonym
Ocybadistes flavovittatus,Ocybadistes flavovittata,,,
Ocybadistes flavovittatus vesta,Ocybadistes flavovittata,,,
Odina chrysomelaena,Odina hieroglyphica,Odina hieroglyphica,,Synonym
Ogyris,,NA,,No species name
Oreolyce vardhana,,,,
"Oreolyce vardhana (Moore, 1874)",,,,
Oriens,,NA,,No species name
Oriens spec.,,NA,,No species name
Ornithoptera,,NA,,No species name
"Ornithoptera (Aetheoptera) victoriae subsp. epiphanes Gray, 1856",Ornithoptera victoriae,Ornithoptera victoriae,,Synonym
"Ornithoptera (Aetheoptera) victoriae subsp. regis Gray, 1856",Ornithoptera victoriae,Ornithoptera victoriae,,Synonym
"Ornithoptera (Aetheoptera) victoriae subsp. victoriae Gray, 1856",Ornithoptera victoriae,Ornithoptera victoriae,,Synonym
"Ornithoptera (Ornithoptera) croesus subsp. lydius Wallace, 1859",Ornithoptera croesus,Ornithoptera croesus,,Synonym
"Ornithoptera (Ornithoptera) priamus subsp. poseidon (Linnaeus, 1758)",Ornithoptera priamus,Ornithoptera priamus,,Synonym
"Ornithoptera (Ornithoptera) priamus subsp. priamus (Linnaeus, 1758)",Ornithoptera priamus,Ornithoptera priamus,,Synonym
"Ornithoptera (Ornithoptera) priamus subsp. urvillianus (Linnaeus, 1758)",Ornithoptera priamus,Ornithoptera priamus,,Synonym
"Ornithoptera (Schoenbergia) chimaera subsp. chimaera Rothschild, 1904",Ornithoptera chimaera,Ornithoptera chimaera,,Synonym
"Ornithoptera (Schoenbergia) goliath subsp. goliath OberthÅr, 1888",Ornithoptera goliath,Ornithoptera goliath,,Synonym
"Ornithoptera (Schoenbergia) goliath subsp. procus OberthÅr, 1888",Ornithoptera goliath,Ornithoptera goliath,,Synonym
"Ornithoptera (Schoenbergia) goliath subsp. supremus OberthÅr, 1888",Ornithoptera goliath,Ornithoptera goliath,,Synonym
"Ornithoptera (Schoenbergia) paradisea subsp. arfakensis Staudinger, 1893",Ornithoptera paradisea,Ornithoptera paradisea,,Synonym
"Ornithoptera (Schoenbergia) rothschildi Kenrick, 1911",Ornithoptera rothschildi,Ornithoptera rothschildi,,Synonym
"Ornithoptera (Schoenbergia) tithonus subsp. misresiana de Haan, 1840",Ornithoptera tithonus,Ornithoptera tithonus,,Synonym
"Ornithoptera (Schoenbergia) tithonus subsp. tithonus de Haan, 1840",Ornithoptera tithonus,Ornithoptera tithonus,,Synonym
Ornithoptera sp.,,NA,,No species name
Ornithoptera urvillianus,,Ornithoptera priamus,,Synonym
Ornithopthera chimaera,Ornithoptera chimaera,Ornithoptera chimaera,,Spelling mistake
Ornithopthera goliath,Ornithoptera goliath,Ornithoptera goliath,,Spelling mistake
Ornithopthera meridionalis,Ornithoptera meridionalis,Ornithoptera meridionalis,,Spelling mistake
Orsotriaena,,NA,,No species name
Orsotrioena medus,Orsotriaena medus,Orsotriaena medus,,Spelling mistake
Orthomiella fukiensis,Orthomiella pontis,,,Synonym?
Pachliopta,,NA,,No species name
"Pachliopta atistolochiae interpositus (Fruhstorfer, 1901)",Pachliopta aristolochiae,Pachliopta aristolochiae,,Spelling mistake
Pamiria metallica,,,,
Pamiria sp.,,NA,,No species name
Panara phereclus,,,,
Panchala birmana asakurae,Arhopala birmana,Arhopala birmana,,Synonym
Pantoporia,,NA,,No species name
Pantoporia cnacalis,,Pantoporia hordonia,,Synonym
Pantoporia grimberta,,Pantoporia venilia,,Synonym
Papilio,,NA,,No species name
Papilio  dehaanii,Papilio dehaanii,Papilio dehaanii,,Typo
Papilio  helenus,Papilio helenus,Papilio helenus,,Typo
Papilio  maackii,Papilio maackii,Papilio maackii,,Typo
Papilio  machaon,Papilio machaon,Papilio machaon,,Typo
Papilio  macilentus,Papilio macilentus,Papilio macilentus,,Typo
Papilio  memnon,Papilio memnon,Papilio memnon,,Typo
Papilio  protenor,Papilio protenor,Papilio protenor,,Typo
Papilio  xuthus,Papilio xuthus,Papilio xuthus,,Typo
Papilio (Achillides) paris nakaharai,Papilio paris,Papilio paris,,Synonym
Papilio (Chilasa) agestor matsumurae,Chilasa agestor,Papilio agestor,,Synonym
Papilio (Menelaides) castor formosanus,Papilio castor,Papilio castor,castor,Synonym
Papilio (Menelaides) thaiwanus,Papilio thaiwanus,Papilio thaiwanus,,Synonym
Papilio (Princeps) aegeus,Papilio aegeus,Papilio aegeus,,Synonym
Papilio (Princeps) aegeus aegeus,Papilio aegeus,Papilio aegeus,,Synonym
Papilio (Princeps) aegeus ormenus,Papilio aegeus,Papilio aegeus,,Synonym
Papilio (Princeps) ambrax,Papilio ambrax,Papilio ambrax,,Synonym
Papilio (Princeps) demoleus,Papilio demoleus,Papilio demoleus,,Synonym
Papilio (Princeps) demoleus malayanus,Papilio demoleus,Papilio demoleus,,Synonym
Papilio (Princeps) fuscus,Papilio fuscus,Papilio fuscus,,Synonym
Papilio (Princeps) fuscus canopus,Papilio fuscus,Papilio fuscus,,Synonym
Papilio (Princeps) memnon,Papilio memnon,Papilio memnon,,Synonym
"Papilio (Princeps) nephelus annulus Pendlebury, 1936",Papilio nephelus,Papilio nephelus,,Synonym
Papilio (Princeps) ulysses,Papilio ulysses,Papilio ulysses,,Synonym
Papilio (Princeps) ulysses joesa,Papilio ulysses,Papilio ulysses,,Synonym
Papilio aegas,Papilio aegeus,Papilio aegeus,,Spelling mistake
Papilio aegus,Papilio aegeus,Papilio aegeus,,Spelling mistake; Synonym
Papilio agenor,Papilio memnon,Papilio memnon,,Synonym
Papilio agenor agenor,Papilio memnon,Papilio memnon,,Synonym
Papilio agenor heronus,Papilio memnon,Papilio memnon,,Synonym
Papilio agenor parinda,Papilio memnon,Papilio memnon,,Synonym
Papilio agenor polymnestor,Papilio memnon,Papilio memnon,,Synonym
Papilio agenor thunbergii,Papilio memnon,Papilio memnon,,Synonym
Papilio alfrenor,,,,
Papilio androcles,,Graphium androcles,,Synonym
Papilio binaor junia,Papilio bianor,Papilio bianor,,Spelling mistake
Papilio capaneus,,Papilio fuscus,,Synonym
Papilio chaon,Atrophaneura varuna,Papilio nephelus,,Synonym
Papilio chaon annulus,Atrophaneura varuna,Papilio nephelus,,Synonym
Papilio chaon chaon,Atrophaneura varuna,Papilio nephelus,,Synonym
Papilio chaon chaonulus,Papilio nephelus,Papilio nephelus,,Synonym
"Papilio chaon Westwood, 1845",Atrophaneura varuna,Papilio nephelus,,Synonym
Papilio daksha,Papilio helenus,Papilio helenus,,Synonym
Papilio daksha mooreanus,Papilio helenus,Papilio helenus,,Synonym
Papilio demolius libanius,Papilio demoleus,Papilio demoleus,,Spelling mistake
Papilio everesti,,,,
Papilio hector,,Papilio polytes,,Synonym
Papilio heringi Niepelt,Papilio fuscus,,,Synonym?
Papilio hippocrates machano,Papilio machaon,Papilio machaon,,Synonym
Papilio hippocrates machaon,Papilio machaon,Papilio machaon,,Synonym
Papilio indet.,Papilio indra,NA,,No species name
Papilio javanus,Papilio janaka,Papilio memnon,,Synonym
Papilio javanus theseus,Papilio janaka,Papilio memnon,,Synonym
Papilio javanus timorensis,Papilio janaka,Papilio memnon,,Synonym
Papilio karma,Papilio karna,Papilio karna,,Spelling mistake
"Papilio Linnaeus, 1758",,NA,,No species name
Papilio megarus megapenthes,Graphium megarus,Graphium megarus,,Synonym
Papilio memnon（Linnaeus. 1758）,Papilio memnon,Papilio memnon,,Typo
Papilio nephalus subsp. sunatus,Papilio nephelus,Papilio nephelus,,Spelling mistake
Papilio nepheles chaonuius,Papilio nephelus,Papilio nephelus,,Spelling mistake
Papilio nicconicolens helenus,Papilio helenus,Papilio helenus,,Synonym
Papilio niccoricolens helenus,Papilio helenus,Papilio helenus,,Synonym
Papilio oritas,Papilio orion,Papilio aegeus,,Synonym
Papilio palawanicus enganius,,Papilio helenus,,Synonym
Papilio politis,Papilio polytes,Papilio polytes,,Spelling mistake
Papilio polyetes,,Papilio polytes,,Spelling mistake
"Papilio polypes Lilnnaeus, 1758",Papilio polytes,Papilio polytes,,Spelling mistake
Papilio ryukyuensis,,,,
Papilio sarpedon,Graphium sarpedon,Graphium sarpedon,,Synonym
Papilio sp.,,NA,,No species name
Papilio spec.,,NA,,No species name
Papilio taiwanus,Papilio thaiwanus,Papilio thaiwanus,,Spelling mistake
Papilio telegonus,Papilio ulysses,Papilio ulysses,,Synonym
Papilio telemachus,Morpho crameri,Papilio ulysses,,Synonym
Papilionidae,,NA,,No species name
PAPILIONIDAE,,NA,,No species name
Papilionidae  Papilio,,NA,,No species name
"Papilionidae Latreille, 1802",,NA,,No species name
Paraduba owgarra,,,,
Paralasa mani,,,,
Paralasa shallada,,,,
Paralaxita orphana laocoon,,Paralaxita orphna,,Spelling mistake
Paralaxita sp. UMKL JJW0395,,NA,,No species name
Parantica,,NA,,No species name
Parantica  sita,Parantica sita,Parantica sita,,Typo
Parantica algea melanoides,Parantica aglea,Parantica aglea,,Spelling mistake
Parantica asposia asposia (Fabriicus),Parantica aspasia,Parantica aspasia,,Spelling mistake
Parantica asposia thargalia (Fruhstorfer),Parantica aspasia,Parantica aspasia,,Spelling mistake
Parantica menandensis,Parantica menadensis,Parantica menadensis,,Spelling mistake
"Parantica niphonica (Moore, 1883)",,Parantica sita,,Synonym
Parantica niphonica sita,,Parantica sita,,Synonym
Parasarpa hollandi,,,,
Parasarpa hollandi lombokiana,,,,
"Parasarpa libnites subsp. libnites Hewitson, 1859",,Athyma libnites,,Synonym
Paratica aspasia cerilla Fruhstorfer,Parantica aspasia,Parantica aspasia,,Spelling mistake
Pareronia,,NA,,No species name
Pareronia spp.,,NA,,No species name
Parnara,,NA,,No species name
Parnara  guttata,Parnara guttatus,Parnara guttatus,,Synonym
Parnara spp.,,NA,,No species name
Parnassius augustus,,Parnassius imperator,,Synonym
Parnassius hide,Parnassius patricius,,,Synonym?
"Parnassius hide Koiwaya, 1987",Parnassius patricius,,,Synonym?
Parnassius huberi,Parnassius schultei,,,Synonym?
Parnassius labeyriei,Parnassius maharaja,,,Synonym?
"Parnassius przewalskii Alphéraky in Romanoff, 1887",Parnassius acco,,,Synonym?
Parthemos sylcia butlerinus Staudinger,Kallima sylvia,Parthenos sylvia,,Spelling mistake
Parunassius glacialis Butler,Parnassius glacialis,Parnassius citrinarius,citrinarius,Spelling mistake
Patanthus flavus,Potanthus flava,Potanthus flava,,Synonym
Pathysa,,NA,,No species name
Pazala Moore 1888,,NA,,No species name
Pcchliopta aristolochiae,Pachliopta aristolochiae,Pachliopta aristolochiae,,Spelling mistake
Pedesta submacula,,Thoressa submacula,,Synonym
Pelopidas,,NA,,No species name
Pelopidas  mathias,Pelopidas mathias,Pelopidas mathias,,Typo
Pelopidas indet.,,NA,,No species name
Pelopidas oberthueri mathias,Pelopidas mathias,Pelopidas mathias,,Synonym
"Pelopidas sinsensis (Mabille, 1877)",Pelopidas sinensis,Pelopidas sinensis,,Spelling mistake
Pelopidas spp,,NA,,No species name
Penthema indet.,,NA,,No species name
Penthema mimetica,Penthema darlisa,Penthema darlisa,,Synonym
Perrotia sp,,NA,,No species name
Petrelaea,,NA,,No species name
Phaedyma,,NA,,No species name
Phalanta,,NA,,No species name
Phalanta phalanta,Phalanta phalantha,Phalanta phalantha,,Spelling mistake
Phalanta phalanta phalanta (Drury),Phalanta phalantha,Phalanta phalantha,,Spelling mistake
Philiris,,NA,,No species name
"Philiris aquamarina Sands, 1981",,,,
Philiris innotata,Philiris innotatus,Philiris innotatus,,Synonym
"Philiris innotata innotata (Miskin, 1874)",Philiris innotatus,Philiris innotatus,,Synonym
Philiris papuana kerri,Philiris diana,Philiris diana,,Synonym
Philiris sp. ACS9688,,NA,,No species name
Philiris sp. BOLD:AAL8393,,NA,,No species name
Philiris sp. CATS185-10,,NA,,No species name
Pieridae,,NA,,No species name
PIERIDAE,,NA,,No species name
"Pieridae Duponchel, 1832",,NA,,No species name
"Pieridae Duponchel, 1835",,NA,,No species name
Pieridae indet.,,NA,,No species name
Pieridae sp.,,NA,,No species name
Pieris,,NA,,No species name
Pieris,,NA,,No species name
Pieris  rapae,Pieris rapae,Pieris rapae,,Typo
"Pieris (Artogeia) canidia canidia (Sparrman), 1768",Pieris canidia,Pieris canidia,,Synonym
Pieris (Artogeia) melete melete,Pieris melete,Pieris melete,,Synonym
"Pieris (Artogeia) melete melete Menetries, 1857",Pieris melete,Pieris melete,,Synonym
"Pieris (Artogeia) rapae crucivora  Boisduval, 1836",Pieris rapae,Pieris rapae,,Synonym
"Pieris (Artogeia) rapae crucivora Boisduval, 1836",Pieris rapae,Pieris rapae,,Synonym
"Pieris (Artogeia) rapae crucivora Boisduval,1836",Pieris rapae,Pieris rapae,,Synonym
Pieris candia candia (Sparrman),Pieris canidia,Pieris canidia,,Spelling mistake
Pieris crucivora rapae,,Pieris rapae,,Synonym
Pieris dubernardi,,,,
Pieris dubernardi kozlovi,,,,
Pieris indet.,,NA,,No species name
Pieris nesis,,,,
"Pieris nesis Fruhstorfer, 1909",,,,
Pieris nesis nesis,,,,
Pieris sp.,,NA,,No species name
Pieris stoetzneri,,,,
Pieris venata,,,,
Pieris(A.) melete melete Menetries,,Pieris melete,,Synonym
"Pieris(Artogeia) melete melete Menetries,1857",Pieris melete,Pieris melete,,Synonym
"Pieris(Artogeia) rapae crucivora Boisduval,1836",Pieris rapae,Pieris rapae,,Synonym
Pirdana fusca,,,,
Pirdana major,Pirdana hyela,Pirdana hyela,,Synonym
"Pirdana major Evans, 1932",Pirdana hyela,Pirdana hyela,,Synonym
"Pistoria nigropunctata kratke (Tite, 1962)",Pistoria nigropuncta,,,
Pithecops,,NA,,No species name
Pithecops fnlgehs urai,Pithecops fulgens,Pithecops fulgens,,
Plastingia derna,Pyroneura derna,Pyroneura derna,,Synonym
Plastingia niasana burmana,Pyroneura niasana,Pyroneura niasana,,Synonym
Platypthima homochroa,Platypthima simplex,,,Synonym?
Platypthima leucomelas,,,,
Plebejidea loewii,Plebejidea loewi,,,
"Plebejus lehana (Moore,  1878)",,,,
"Plebejus omphissa (Moore,  1874)",,,,
Plebejus samudra,,,,
Plebejus sp.,,NA,,No species name
Polycaena sp. 1PK,,NA,,No species name
Polygonia  c-album,Polygonia c-album,Polygonia c-album,,Typo
Polygonia  c-aureum,Polygonia c-aureum,Polygonia c-aureum,,Typo
"Polygonia canace subsp. maniliana (Linnaeus, 1763)",,Kaniska canace,,
Polyommatinae,,NA,,No species name
Polyommatus punctifera,Polyommatus punctiferus,,,
Polytremis  pellucida,Polytremis pellucida,Polytremis pellucida,,Typo
Polytremis fukia,,Polytremis theca,,Synonym
Polytremis lubricons lubricons (Herrich- Scaffer),Polytremis lubricans,Polytremis lubricans,,Spelling mistake
Polyura,,NA,,No species name
Polyura andrewsi,,,,
Polyura bharata,,Polyura athamas,,Synonym
Polyura dehanii,Polyura kadenii,,,
Polyura dehanii ssp.,Polyura kadenii,,,
Polyura epigenes monochroma,Polyura epigenes,,,
Polyura sp. UMKL JJW0491,,NA,,No species name
Polyura weismanni,,Polyura eudamippus,,Synonym
Poritia maia maia,Simiskina maina,Simiskina pheretia,,Synonym
Potanthus,,NA,,No species name
Potanthus  flavus,Potanthus flava,Potanthus flava,,Synonym; Typo
"Potanthus ? Scudder, 1872",,NA,,No species name
Potanthus flavum flavum,Potanthus flava,Potanthus flava,,Synonym; Spelling mistake
Potanthus indet.,,NA,,No species name
Potanthus satra,,,,
"Potanthus Scudder, 1872",,NA,,No species name
"Potanthus sp. Scudder, 1872",,NA,,No species name
Potanthus spec.,,NA,,No species name
Praetaxila albiplaga,,,,
Prasotas nora formosana (Fruhstorfer),Prosotas nora,Prosotas nora,,Spelling mistake
"Precis almana (Linnaeus, 1758)",,Junonia almana,,Synonym
Precis iphita,Junonia iphita,Junonia iphita,,Synonym
"Precis iphita (Cramer, 1779)",Junonia iphita,Junonia iphita,,Synonym
Precis villida,Junonia villida,Junonia villida,,Synonym
Prioneris indet.,,NA,,No species name
Prioneris phionome Boisduval,Prioneris philonome,Prioneris philonome,,Spelling mistake
Prosotas,,NA,,No species name
Prosotas sp. BIOUG15398-B02,,NA,,No species name
Prosotas sp. BIOUG15398-C06,,NA,,No species name
Prosotas sp. BIOUG15398-C07,,NA,,No species name
Prosotas sp. BIOUG15398-G10,,NA,,No species name
Prosotas sp. BIOUG18627-H02,,NA,,No species name
Prosotas sp. BIOUG21682-D05,,NA,,No species name
Prosotas spec.,,NA,,No species name
Pseudcoladenia dan dhyana (Fruhstorfer ),Pseudocoladenia dan,Pseudocoladenia dan,,Spelling mistake
Pseudocoladenia,,NA,,No species name
Pseudocoladenia dea,,,,
Pseudocoladenia decora,,,,
Pseudocoladenia eacus,,Pseudocoladenia dan,,Synonym
Pseudocoladenia eacus dhyana,,Pseudocoladenia dan,,Synonym
Pseudocoladenia fatih,Pseudocoladenia fabia,Pseudocoladenia dan,,Synonym
Pseudocoladenia fatua,,,,
Pseudocoladenia sadakoe,,Pseudocoladenia dan,,Synonym
Pseudogonerilia kitawakii,,,,
Pseudozizzeria argia maha,,Pseudozizeeria maha,,Synonym
Pseudozizzeria maha argia,Pseudozizeeria maha,Pseudozizeeria maha,,Spelling mistake
Psychonotis browni,Psychonotis brownii,Psychonotis brownii,,Spelling mistake
Psychonotis eudocia,,,,
"Ptychandra lorquini Felder & Felder,  1861",Ptychandra lorquinii,Ptychandra lorquinii,,Spelling mistake
"Pyrginae Burmeister, 1878",,NA,,No species name
Pyroneura perakana,,,,
Pyroneura perakana perakana,,,,
Radena similis similis,,Ideopsis similis,,Synonym
Radena similis similis (Linnaeus),,Ideopsis similis,,Synonym
"Radena similis similis (Linnaeus), 1758",,Ideopsis similis,,Synonym
"Radena similis similis (Linnaeus, 1758)",,Ideopsis similis,,Synonym
Ragadia critolaus,Ragadia crisilda,Ragadia crisilda,,Synonym
Ragadia maganda,,,,
Ragadia spp.,,NA,,No species name
Rapala,,NA,,No species name
Rapala christopheri,,,,
Rapala enipeus,,,,
"Rapala Moore, 1881",,NA,,No species name
Rapala palamera,Rapala nissa,Rapala nissa,,Synonym
Rapala varutha formosana Fruhstorfer,Rapala varuna,Rapala varuna,,Spelling mistake
Remilana westermanni,,Remelana jangala,,Synonym; Spelling mistake
Riodinidae,,NA,,No species name
Rohana,,NA,,No species name
Rusticus sp.,,NA,,No species name
Sahulana,,NA,,No species name
Salanoemia shigerui,,,,
Salatura genutia,,Danaus genutia,,Synonym
Salatura genutia genutia,,Danaus genutia,,Synonym
Salatura genutia genutia (Cramer),,Danaus genutia,,Synonym
"Salatura genutia genutia (Cramer), 1779",,Danaus genutia,,Synonym
"Salatura genutia genutia (Cramer, 1779 )",,Danaus genutia,,Synonym
Salatura genutia genutia Cramer,,Danaus genutia,,Synonym
"Saletara (Distant, 1885)",,NA,,No species name
Sancus fuligo,,Psolos fuligo,,Synonym
Satyrium formosanum,Thecla formosana,Euaspa milionia,formosana,Synonym
"Satyrium formosanum (Matsumura, 1910)",Thecla formosana,Euaspa milionia,formosana,Synonym
Satyrium mera,,,,
Satyrium oenone,,,,
Satyrium yangi,,,,
Scobura spec.,,NA,,No species name
Semanga helena,,,,
Sephisa channdra androdamas Fruhstofer,Sephisa chandra,Sephisa chandra,,Spelling mistake
Sericinus  montela,Sericinus montela,Sericinus montela,,Typo
Sericinus japonica Gray,,,,
Seseria affinus kirmana (Plotz),Seseria affinis,Seseria affinis,,Spelling mistake
Shizuyaozephyrus ziha,,,,
"Sinia divina (Fixsen, 1887)",,Shijimiaeoides divina,,Synonym
Sinia lanty,,Scolitantides lanty,lanty,Synonym
"Sinopieris dubernardi (Oberthür, 1884)",,,,
Sinthusa stephaniae,Sinthusa mindanensis,Sinthusa mindanensis,,Synonym?
Sinthusa verriculata,,,,
Spialia,,NA,,No species name
Spindasis sp.,,NA,,No species name
Stichophthalama howqua formosana Fruhstorfer,Stichophthalma howqua,Stichophthalma howqua,,Spelling mistake
"Stichophthalma devyatkini Monastyrskii, 2013",,Stichophthalma devyatkini,,Typo
Stichophthalma indet.,,NA,,No species name
Stichophthalma nurinissa,,Stichophthalma nourmahal,,Synonym
Strymonidia formosana (Matsumura),Thecla formosana,Euaspa milionia,formosana,Synonym
"Strymonidia mera  (Janson), 1877",,,,
Strymonidia mera (Janson),,,,
"Strymonidia mera (Janson, 1877)",,,,
"Strymonidia sassanides (Kollar, [1849])",,Satyrium sassanides,,Synonym
Sumalia dudu dudu (Westwood),,Parasarpa dudu,,Synonym
Surendra samina,Surendra vivarna,Surendra vivarna,,Synonym
Sybrenthia lilaea sumatrana Fruhstorfer,,Symbrenthia lilaea,,Spelling mistake
Symbrenthia,,NA,,No species name
Symbrenthia formosanus,Symbrenthia hippoclus,Symbrenthia lilaea,,WRONG synonym
Symbrenthia hippocle,Symbrenthia hippoclus,Symbrenthia hippoclus,,Spelling mistake
Symbrenthia hippocle,Symbrenthia hippoclus,Symbrenthia hippoclus,,Spelling mistake
Symbrenthia javanus formosanus,Symbrenthia hippoclus,Symbrenthia hippoclus,,Synonym
"Symbrenthia javanus Staudinger, 1897",Symbrenthia hippoclus,Symbrenthia hippoclus,,Synonym
Symbrenthia liaea lilaea Hewitson,Symbrenthia lilea,Symbrenthia lilaea,,Spelling mistake
Symbrenthia liaea lunicas,Symbrenthia lilea,Symbrenthia lilaea,,Spelling mistake
Symbrenthia sinica,Symbrenthia hypselis,Symbrenthia brabira,sinica,WRONG synonym
Taenaris,,NA,,No species name
"Taenaris horsfieldi Grose-Smith, 1889",Taenaris horsfieldii,Taenaris horsfeildii,,Spelling mistake
Taenaris montana,,,,
Tagiades,,NA,,No species name
"Tagiades sp. Hübner, [1819]",,NA,,No species name
Tagiades tethys,,Daimio tethys,,Synonym
Tagiades tethys moori,Daimio tethys,Daimio tethys,,Synonym
"Tagiades tethys moori  (Mabille, 1876)",Daimio tethys,Daimio tethys,,Synonym
Tajuria iapyx,Tajuria iapix,,,
Tajuria igolontina,,,,
"Tajuria Moore, 1881",,NA,,No species name
Talicada,,NA,,No species name
Tanaecia,,NA,,No species name
Tanaecia cocytina,Tanaecia cocytus,Tanaecia cocytus,,Synonym
Tanaecia cocytina ambalika,Tanaecia cocytus,Tanaecia cocytus,,Synonym
Taractrocera,,NA,,No species name
"Taractrocera Butler, 1870",,NA,,No species name
Taractrocera nigrolimbata,,,,
Taractrocera sp. 2,,NA,,No species name
Taractrocera trikora,,,,
Taractrocerini,,NA,,No species name
"Taracus callinara Butler, 1886",Tarucus callinara,Tarucus callinara,,Spelling mistake
Tarucus,,NA,,No species name
Tarucus balkanicus,Tarucus balkanica,Tarucus balkanica,,Synonym
Tarucus hazara,Tarucus venosus,,,Synonym?
Tarucus indica,Tarucus theophrastus,,,Synonym?
"Tarucus indica Evans, 1932",Tarucus theophrastus,,,Synonym?
Tarucus sp. TNAULY201400132,,NA,,No species name
Taxila thuisto thuisto Hewitson,Laxita thuisto,Laxita thuisto,,Synonym
Telchinia hypermnestra hainana,,,,
Telicota,,NA,,No species name
Telicota sp.,,NA,,No species name
Telicota sp. ACM9949,,NA,,No species name
Telicota sp. BOLD:ACM9949,,NA,,No species name
"Telicota stinga Evans, 1949",Telicota colon,Telicota colon,,Synonym
"Teliicota bambusae horisha Evans, 1934",Telicota bambusae,Telicota bambusae,,Spelling mistake
Telinga davisoni,,,,
Telinga lepcha,,Mycalesis lepcha,,Synonym
Telinga mestra,,Mycalesis mestra,,Synonym
Telinga nicotia,,Mycalesis nicotia,,Synonym
Telinga sangaica,,Mycalesis sangaica,,Synonym
Tellervo,,NA,,No species name
Tellervo soilus sarcapus,,Tellervo zoilus,,Spelling mistake
Terinos intermedia,Terinos terpander,Terinos terpander,,Synonym
Thaumantis hainana,,,,
Thauria indet.,,NA,,No species name
Thecla,,NA,,No species name
Thoressa  varia,Thoressa varia,Thoressa varia,,Typo
Thoressa spec.,,NA,,No species name
Tirumala,,NA,,No species name
Tirumala maculata formosana Fruhstorfer,,,,
"Tirumala septentrionus (Butler, 1874)",Tirumala septentrionis,Tirumala septentrionis,,Spelling mistake
Tirumala septentronis (Butler),Tirumala septentrionis,Tirumala septentrionis,,Spelling mistake
Tirumala spec.,,NA,,No species name
"Tirumale limniace (Cramer, 1755)",Tirumala limniace,Tirumala limniace,,Spelling mistake
Tongeia amplifascia,,,,
Tongeia pseudozuthus,,,,
Toxidia inornata,Toxidia inornatus,Toxidia inornatus,,Synonym
Toxidia xiphiphora,,,,
Trapezites heteromaculata,Trapezites heteromacula,Trapezites heteromacula,,Spelling mistake
Trogonoptera trojanus Honrath,Trogonoptera trojana,Trogonoptera trojana,,Synonym
Troides,,NA,,No species name
Troides brookiana,Trogonoptera brookiana,Trogonoptera brookiana,,Synonym
Troides croesus,,Ornithoptera croesus,,Synonym
"Troides croesus lydius (Felder & Felder, 1865)",,Ornithoptera croesus,,Synonym
Troides oblongomaculatuS,,Troides oblongomaculatus,,Typo
Troides paridisea,Ornithoptera paradisea,Ornithoptera paradisea,,Synonym; Spelling mistake
Troides priamus,Ornithoptera priamus,Ornithoptera priamus,,Synonym
"Troides priamus caelestis Rothschild, 1898",Ornithoptera priamus,Ornithoptera priamus,,Synonym
"Troides priamus poseidon (Doubleday, 1847)",Ornithoptera priamus,Ornithoptera priamus,,Synonym
"Troides priamus urvillianus (Guérin-Méneville, 1830)",Ornithoptera priamus,Ornithoptera priamus,,Synonym
Troides rhadamanthus,Troides rhadamantus,Troides rhadamantus,,Spelling mistake
Troides rhadamanthus rhadamanthus,Troides rhadamantus,Troides rhadamantus,,Spelling mistake
Troides rothschildi,Ornithoptera rothschildi,Ornithoptera rothschildi,,Synonym
"Troides rothschildi (Kenrick, 1911)",Ornithoptera rothschildi,Ornithoptera rothschildi,,Synonym
"Troides trojana (Staudinger, 1889)",Trogonoptera trojana,Trogonoptera trojana,,Synonym
Udara,,NA,,No species name
Udara aristius,,,,
Udara ceyx,,Udara selma,,Synonym
Udara coalita briga,,,,
Udara lanka,,,,
Udara singalensis,,,,
Una rantaizana,,Orthomiella rantaizana,,Synonym
undetermined sp.,,NA,,No species name
unidentified Hesperiidae spp.,,NA,,No species name
Unidentified Satyrini spp.,,NA,,No species name
"Ussuriana Stygiana (Butler, 1881)",,Coreana stygiana,,Synonym
Vanessa,,NA,,No species name
Vanessa  cardui,Vanessa cardui,Vanessa cardui,,Typo
Vanessa  indica,Vanessa indica,Vanessa indica,,Typo
Vanessa dejeanii,Vanessa dejeani,,,
Vanessa dejeanii dejeanii,Vanessa dejeani,,,
"Vanessa dejeanii Godart, 1824",Vanessa dejeani,,,
Vindula,,NA,,No species name
Wagimo signatus,Wagimo signata,Wagimo signata,,Synonym
Wagimo signatus (Butler),Wagimo signata,Wagimo signata,,Synonym
"Wagimo signatus (Butler, [1882])",Wagimo signata,Wagimo signata,,Synonym
Yathima argus,Ypthima argus,Ypthima argus,,Spelling mistake
Ypthima,,NA,,No species name
Ypthima  argus,Ypthima argus,Ypthima argus,,Typo
Ypthima atra taiwana,Ypthima atra,Ypthima atra,,Typo
Ypthima ciris,Ypthima civis,,,
Ypthima esakiiShir?zu,,Ypthima esakii,,Typo
Ypthima hubenri,Ypthima huebneri,Ypthima huebneri,,Spelling mistake
"Ypthima hübneri Kirby, 1871",,Ypthima huebneri,,Typo
Ypthima iarba,,,,
Ypthima indecora,Ypthima philomela,,,Synonym?
Ypthima indet.,,NA,,No species name
Ypthima kasmira,Ypthima huebneri,Ypthima huebneri,,Synonym
Ypthima lihongxingi,,,,
Ypthima singala,Ypthima avanta,,,Synonym?
Ypthima sp. 'transects',,NA,,No species name
Ypthima sp. 1MKC,,NA,,No species name
Ypthima spec.,,NA,,No species name
Ypthima spp.,,NA,,No species name
Ypthima striata,Ypthima avanta,,,Synonym?
Ypthima tabella,Ypthima philomela,Ypthima philomela,,Synonym
Ypthima yamanakai,Ypthima conjuncta,,,Synonym?
Zela storeyi,,,,
Zemeros fleglas albipunctatus,Zemeros flegyas,Zemeros flegyas,,Spelling mistake
Zemeros fleglas allica,Zemeros flegyas,Zemeros flegyas,,Spelling mistake
Zeuxidia sp. UMKL JJW0333,,NA,,No species name
"Zezeeria maha okinawana (Matsumura, 1929)",Zizeeria maha,Pseudozizeeria maha,,Spelling mistake
Zezina,,NA,,No species name
Zinaida pellucida,,Polytremis pellucida,,Synonym
Zinaspa youngi,,NA,,No species name
Zizeeria,,NA,,No species name
Zizina,,NA,,No species name
Zizina hylax,Zizula hylax,Zizula hylax,,Synonym
Zizula,,NA,,No species name
Zizura hylax hylax (Fabricius),Zizula hylax,Zizula hylax,,Spelling mistake
Zophoessa  callipteris,,Lethe callipteris,,Synonym; Typo
Zophoessa callipteris,,Lethe callipteris,,Synonym
Zophoessa callipteris (A.G.Butler),,Lethe callipteris,,Synonym
Zophoessa callipteris (Butler),,Lethe callipteris,,Synonym
"Zophoessa callipteris (Butler, 1877)",,Lethe callipteris,,Synonym
Zophoessa callipteris Butler,,Lethe callipteris,,Synonym
Zophoessa daraensis (Semper),,,,